Feature_Index,Importance
248,0.0215008507284048
246,0.017612343396789645
38,0.010230277877052158
195,0.008147358833755529
102,0.007236954213928562
82,0.00721412864126661
149,0.0070401814364614125
487,0.006998397287557491
40,0.006990909559101661
37,0.006421866080966925
100,0.006179590537530878
53,0.005903515057857522
35,0.005783338086391866
161,0.005646810675902409
144,0.005408867035286816
